{"BTCr": 51.84473774433827, "ETCr": 50.01358764508519, "XRPr": 48.20208438114152, "SOLr": 52.97169426672095}